"Date","InCount","outlier"
"2009-07-17","158887",2
"2009-07-18","278500",2
"2009-07-19","112421",2
"2009-07-20","216690",2
"2009-07-21","192403",2
"2009-07-22","210521",2
"2009-07-23","210896",2
"2009-07-24","221989",2
"2009-07-25","257823",2
"2009-07-26","108453",2
"2009-07-27","203841",2
"2009-07-28","196691",2
"2009-07-29","184872",2
"2009-07-30","189832",2
"2009-07-31","227171",2
"2009-08-01","245436",2
"2009-08-02","142948",2
"2009-08-03","216022",2
"2009-08-04","194161",2
"2009-08-05","194067",2
"2009-08-06","212948",2
"2009-08-07","219816",2
"2009-08-08","258398",2
"2009-08-09","109875",2
"2009-08-10","178753",2
"2009-08-11","218500",2
"2009-08-12","210386",2
"2009-08-13","202791",2
"2009-08-14","215026",2
"2009-08-15","247003",2
"2009-08-16","112327",2
"2009-08-17","194403",2
"2009-08-18","205222",2
"2009-08-19","201089",2
"2009-08-20","184902",2
"2009-08-21","197925",2
"2009-08-22","250034",2
"2009-08-23","102606",2
"2009-08-24","177546",2
"2009-08-25","215990",2
"2009-08-26","186333",2
"2009-08-27","216458",2
"2009-08-28","214561",2
"2009-08-29","271141",2
"2009-08-30","118090",2
"2009-08-31","146195",2
"2009-09-01","219872",2
"2009-09-02","199628",2
"2009-09-03","168866",2
"2009-09-04","194252",2
"2009-09-05","244170",2
"2009-09-06","110432",2
"2009-09-07","192388",2
"2009-09-08","174554",2
"2009-09-09","188027",2
"2009-09-10","195408",2
"2009-09-11","210168",2
"2009-09-12","280649",2
"2009-09-13","110842",2
"2009-09-14","158285",2
"2009-09-15","166786",2
"2009-09-16","167694",2
"2009-09-17","187332",2
"2009-09-18","199004",2
"2009-09-19","301001",1
"2009-09-20","147461",2
"2009-09-21","177673",2
"2009-09-22","189266",2
"2009-09-23","192809",2
"2009-09-24","213146",2
"2009-09-25","224278",2
"2009-09-26","330322",1
"2009-09-27","138163",2
"2009-09-28","198775",2
"2009-09-29","195101",2
"2009-09-30","207518",2
"2009-10-01","216253",2
"2009-10-02","224333",2
"2009-10-03","305840",1
"2009-10-04","148999",2
"2009-10-05","183916",2
"2009-10-06","170750",2
"2009-10-07","208738",2
"2009-10-08","203794",2
"2009-10-09","210663",2
"2009-10-10","339373",1
"2009-10-11","149312",2
"2009-10-12","177972",2
"2009-10-13","196081",2
"2009-10-14","176279",2
"2009-10-15","184190",2
"2009-10-16","224549",2
"2009-10-17","322107",1
"2009-10-18","135615",2
"2009-10-19","172088",2
"2009-10-20","165732",2
"2009-10-21","179621",2
"2009-10-22","191706",2
"2009-10-23","234707",2
"2009-10-24","292087",2
"2009-10-25","142633",2
"2009-10-26","241059",2
"2009-10-27","247356",2
"2009-10-28","268009",2
"2009-10-29","272758",2
"2009-10-30","308408",1
"2009-10-31","285522",2
"2009-11-01","91393",2
"2009-11-02","184693",2
"2009-11-03","183198",2
"2009-11-04","174779",2
"2009-11-05","185757",2
"2009-11-06","200119",2
"2009-11-07","373877",1
"2009-11-08","137347",2
"2009-11-09","192900",2
"2009-11-10","182616",2
"2009-11-11","203448",2
"2009-11-12","208265",2
"2009-11-13","217960",2
"2009-11-14","352220",1
"2009-11-15","178887",2
"2009-11-16","171413",2
"2009-11-17","194798",2
"2009-11-18","168836",2
"2009-11-19","219728",2
"2009-11-20","239822",2
"2009-11-21","359848",1
"2009-11-22","157867",2
"2009-11-23","189585",2
"2009-11-24","190267",2
"2009-11-25","196056",2
"2009-11-26","243662",2
"2009-11-27","276742",2
"2009-11-28","454615",1
"2009-11-29","153419",2
"2009-11-30","240443",2
"2009-12-01","231657",2
"2009-12-02","234701",2
"2009-12-03","261507",2
"2009-12-04","308327",1
"2009-12-05","478935",1
"2009-12-06","217461",2
"2009-12-07","247612",2
"2009-12-08","250866",2
"2009-12-09","254860",2
"2009-12-10","300345",1
"2009-12-11","295546",1
"2009-12-12","432023",1
"2009-12-13","237357",2
"2009-12-14","253427",2
"2009-12-15","260164",2
"2009-12-16","270989",2
"2009-12-17","316391",1
"2009-12-18","274173",2
"2009-12-19","385995",1
"2009-12-20","190825",2
"2009-12-21","371361",1
"2009-12-22","352386",1
"2009-12-23","383282",1
"2009-12-24","232983",2
"2009-12-25","3053",1
"2009-12-26","246775",2
"2009-12-27","207009",2
"2009-12-28","318807",1
"2009-12-29","349118",1
"2009-12-30","282622",2
"2009-12-31","274723",2
"2010-01-01","35794",1
"2010-01-02","259075",2
"2010-01-03","84861",2
"2010-01-04","198615",2
"2010-01-05","96585",2
"2010-01-06","115830",2
"2010-01-07","152620",2
"2010-01-08","169990",2
"2010-01-09","203621",2
"2010-01-10","87591",2
"2010-01-11","138140",2
"2010-01-12","152065",2
"2010-01-13","135109",2
"2010-01-14","152376",2
"2010-01-15","170924",2
"2010-01-16","240189",2
"2010-01-17","112155",2
"2010-01-18","165784",2
"2010-01-19","163923",2
"2010-01-20","163903",2
"2010-01-21","187280",2
"2010-01-22","170731",2
"2010-01-23","275902",2
"2010-01-24","102542",2
"2010-01-25","162461",2
"2010-01-26","179871",2
"2010-01-27","165835",2
"2010-01-28","187837",2
"2010-01-29","209648",2
"2010-01-30","328443",1
"2010-01-31","129047",2
"2010-02-01","165019",2
"2010-02-02","148319",2
"2010-02-03","161207",2
"2010-02-04","161195",2
"2010-02-05","186835",2
"2010-02-06","277948",2
"2010-02-07","108027",2
"2010-02-08","160825",2
"2010-02-09","170808",2
"2010-02-10","172219",2
"2010-02-11","191003",2
"2010-02-12","210814",2
"2010-02-13","302295",1
"2010-02-14","119857",2
"2010-02-15","193620",2
"2010-02-16","213553",2
"2010-02-17","207682",2
"2010-02-18","201833",2
"2010-02-19","229534",2
"2010-02-20","281005",2
"2010-02-21","66021",2
"2010-02-22","153616",2
"2010-02-23","156904",2
"2010-02-24","150065",2
"2010-02-25","162358",2
"2010-02-26","174885",2
"2010-02-27","292237",2
"2010-02-28","110529",2
"2010-03-01","170890",2
"2010-03-02","186850",2
"2010-03-03","175768",2
"2010-03-04","189856",2
"2010-03-05","201437",2
"2010-03-06","279403",2
"2010-03-07","124887",2
"2010-03-08","169207",2
"2010-03-09","169653",2
"2010-03-10","181330",2
"2010-03-11","193678",2
"2010-03-12","185794",2
"2010-03-13","330914",1
"2010-03-14","99892",2
"2010-03-15","152125",2
"2010-03-16","171996",2
"2010-03-17","175993",2
"2010-03-18","178410",2
"2010-03-19","210625",2
"2010-03-20","236835",2
"2010-03-21","149103",2
"2010-03-22","144172",2
"2010-03-23","176563",2
"2010-03-24","164854",2
"2010-03-25","185813",2
"2010-03-26","209645",2
"2010-03-27","314572",1
"2010-03-28","118502",2
"2010-03-29","147709",2
"2010-03-30","157227",2
"2010-03-31","164857",2
"2010-04-01","220529",2
"2010-04-02","188608",2
"2010-04-03","258343",2
"2010-04-04","46456",1
"2010-04-05","120238",2
"2010-04-06","208474",2
"2010-04-07","186705",2
"2010-04-08","219025",2
"2010-04-09","224945",2
"2010-04-10","259304",2
"2010-04-11","105969",2
"2010-04-12","196131",2
"2010-04-13","182637",2
"2010-04-14","193316",2
"2010-04-15","189570",2
"2010-04-16","228394",2
"2010-04-17","266771",2
"2010-04-18","97820",2
"2010-04-19","146008",2
"2010-04-20","189432",2
"2010-04-21","192055",2
"2010-04-22","199481",2
"2010-04-23","201262",2
"2010-04-24","314958",1
"2010-04-25","108346",2
"2010-04-26","166605",2
"2010-04-27","189341",2
"2010-04-28","180766",2
"2010-04-29","176062",2
"2010-04-30","230452",2
"2010-05-01","300024",1
"2010-05-02","119306",2
"2010-05-03","138670",2
"2010-05-04","177245",2
"2010-05-05","164970",2
"2010-05-06","157662",2
"2010-05-07","193480",2
"2010-05-08","278803",2
"2010-05-09","108500",2
"2010-05-10","141924",2
"2010-05-11","159822",2
"2010-05-12","156121",2
"2010-05-13","175791",2
"2010-05-14","179626",2
"2010-05-15","283428",2
"2010-05-16","116523",2
"2010-05-17","159550",2
"2010-05-18","163019",2
"2010-05-19","162711",2
"2010-05-20","182876",2
"2010-05-21","210456",2
"2010-05-22","264697",2
"2010-05-23","107446",2
"2010-05-24","167030",2
"2010-05-25","154591",2
"2010-05-26","160222",2
"2010-05-27","185616",2
"2010-05-28","227341",2
"2010-05-29","247863",2
"2010-05-30","136543",2
"2010-05-31","159276",2
"2010-06-01","193779",2
"2010-06-02","219853",2
"2010-06-03","228868",2
"2010-06-04","233938",2
"2010-06-05","252267",2
"2010-06-06","95099",2
"2010-06-07","161952",2
"2010-06-08","153846",2
"2010-06-09","145463",2
"2010-06-10","165429",2
"2010-06-11","181470",2
"2010-06-12","245613",2
"2010-06-13","97632",2
"2010-06-14","140801",2
"2010-06-15","168087",2
"2010-06-16","171368",2
"2010-06-17","181833",2
"2010-06-18","184374",2
"2010-06-19","250642",2
"2010-06-20","109827",2
"2010-06-21","162180",2
"2010-06-22","164183",2
"2010-06-23","160196",2
"2010-06-24","189303",2
"2010-06-25","198385",2
"2010-06-26","274895",2
"2010-06-27","100320",2
"2010-06-28","175064",2
"2010-06-29","162924",2
"2010-06-30","183907",2
"2010-07-01","178143",2
"2010-07-02","200352",2
"2010-07-03","271130",2
"2010-07-04","140879",2
"2010-07-05","167917",2
"2010-07-06","169605",2
"2010-07-07","156940",2
"2010-07-08","188475",2
"2010-07-09","197439",2
"2010-07-10","241230",2
"2010-07-11","121290",2
"2010-07-12","145606",2
"2010-07-13","162011",2
"2010-07-14","160933",2
"2010-07-15","170690",2
"2010-07-16","188800",2
"2010-07-17","266160",2
"2010-07-18","124751",2
"2010-07-19","182764",2
"2010-07-20","159904",2
"2010-07-21","171460",2
"2010-07-22","177102",2
"2010-07-23","209121",2
"2010-07-24","244612",2
"2010-07-25","117728",2
"2010-07-26","158763",2
"2010-07-27","178645",2
"2010-07-28","167036",2
"2010-07-29","200129",2
"2010-07-30","202872",2
"2010-07-31","237982",2
"2010-08-01","124528",2
"2010-08-02","169484",2
"2010-08-03","183677",2
"2010-08-04","169650",2
"2010-08-05","190028",2
"2010-08-06","187403",2
"2010-08-07","227865",2
"2010-08-08","106040",2
"2010-08-09","163690",2
"2010-08-10","183836",2
"2010-08-11","172431",2
"2010-08-12","181950",2
"2010-08-13","172246",2
"2010-08-14","230170",2
"2010-08-15","109279",2
"2010-08-16","195802",2
"2010-08-17","176863",2
"2010-08-18","183939",2
"2010-08-19","197366",2
"2010-08-20","186443",2
"2010-08-21","231169",2
"2010-08-22","113056",2
"2010-08-23","160304",2
"2010-08-24","170777",2
"2010-08-25","203353",2
"2010-08-26","192988",2
"2010-08-27","228396",2
"2010-08-28","244409",2
"2010-08-29","122234",2
"2010-08-30","135314",2
"2010-08-31","222648",2
"2010-09-01","210326",2
"2010-09-02","202425",2
"2010-09-03","195143",2
"2010-09-04","244593",2
"2010-09-05","114166",2
"2010-09-06","162333",2
"2010-09-07","176180",2
"2010-09-08","169256",2
"2010-09-09","174280",2
"2010-09-10","174012",2
"2010-09-11","239690",2
"2010-09-12","116425",2
"2010-09-13","157903",2
"2010-09-14","164299",2
"2010-09-15","143247",2
"2010-09-16","185864",2
"2010-09-17","190524",2
"2010-09-18","262363",2
"2010-09-19","111849",2
"2010-09-20","165427",2
"2010-09-21","194597",2
"2010-09-22","204899",2
"2010-09-23","192188",2
"2010-09-24","201793",2
"2010-09-25","320438",1
"2010-09-26","140027",2
"2010-09-27","173044",2
"2010-09-28","186471",2
"2010-09-29","172600",2
"2010-09-30","216441",2
"2010-10-01","186077",2
"2010-10-02","349918",1
"2010-10-03","96523",2
"2010-10-04","183987",2
"2010-10-05","195311",2
"2010-10-06","183502",2
"2010-10-07","195619",2
"2010-10-08","205732",2
"2010-10-09","298369",1
"2010-10-10","144441",2
"2010-10-11","169078",2
"2010-10-12","178675",2
"2010-10-13","192117",2
"2010-10-14","176089",2
"2010-10-15","199139",2
"2010-10-16","288940",2
"2010-10-17","131897",2
"2010-10-18","155371",2
"2010-10-19","168300",2
"2010-10-20","184287",2
"2010-10-21","179953",2
"2010-10-22","224907",2
"2010-10-23","277082",2
"2010-10-24","135954",2
"2010-10-25","234851",2
"2010-10-26","202161",2
"2010-10-27","244898",2
"2010-10-28","241097",2
"2010-10-29","295400",1
"2010-10-30","343654",1
"2010-10-31","129595",2
"2010-11-01","173414",2
"2010-11-02","156056",2
"2010-11-03","163567",2
"2010-11-04","151218",2
"2010-11-05","192154",2
"2010-11-06","312098",1
"2010-11-07","133964",2
"2010-11-08","132700",2
"2010-11-09","152400",2
"2010-11-10","191045",2
"2010-11-11","153709",2
"2010-11-12","160357",2
"2010-11-13","297489",1
"2010-11-14","131681",2
"2010-11-15","179374",2
"2010-11-16","169528",2
"2010-11-17","143947",2
"2010-11-18","191500",2
"2010-11-19","196725",2
"2010-11-20","324530",1
"2010-11-21","148818",2
"2010-11-22","160912",2
"2010-11-23","174204",2
"2010-11-24","181020",2
"2010-11-25","190029",2
"2010-11-26","240850",2
"2010-11-27","327758",1
"2010-11-28","159475",2
"2010-11-29","135379",2
"2010-11-30","146276",2
"2010-12-01","94956",2
"2010-12-02","137061",2
"2010-12-03","198323",2
"2010-12-04","354751",1
"2010-12-05","181409",2
"2010-12-06","210788",2
"2010-12-07","188718",2
"2010-12-08","214871",2
"2010-12-09","223067",2
"2010-12-10","222564",2
"2010-12-11","363906",1
"2010-12-12","185694",2
"2010-12-13","206821",2
"2010-12-14","205841",2
"2010-12-15","234598",2
"2010-12-16","225378",2
"2010-12-17","279297",2
"2010-12-18","293611",2
"2010-12-19","167739",2
"2010-12-20","277666",2
"2010-12-21","299106",1
"2010-12-22","274708",2
"2010-12-23","312109",1
"2010-12-24","226060",2
"2010-12-25","4572",1
"2010-12-26","144832",2
"2010-12-27","260481",2
"2010-12-28","237672",2
"2010-12-29","274487",2
"2010-12-30","254298",2
"2010-12-31","215244",2
"2011-01-01","47767",1
"2011-01-02","115685",2
"2011-01-03","160658",2
"2011-01-04","165334",2
"2011-01-05","135127",2
"2011-01-06","148253",2
"2011-01-07","113746",2
"2011-01-08","205041",2
"2011-01-09","87506",2
"2011-01-10","138393",2
"2011-01-11","148861",2
"2011-01-12","143509",2
"2011-01-13","157150",2
"2011-01-14","171088",2
"2011-01-15","213850",2
"2011-01-16","83462",2
"2011-01-17","148953",2
"2011-01-18","161793",2
"2011-01-19","174618",2
"2011-01-20","179544",2
"2011-01-21","172724",2
"2011-01-22","240530",2
"2011-01-23","102720",2
"2011-01-24","154442",2
"2011-01-25","142680",2
"2011-01-26","151608",2
"2011-01-27","162700",2
"2011-01-28","188919",2
"2011-01-29","292402",2
"2011-01-30","113969",2
"2011-01-31","148512",2
"2011-02-01","149170",2
"2011-02-02","147329",2
"2011-02-03","163382",2
"2011-02-04","139924",2
"2011-02-05","219302",2
"2011-02-06","98849",2
"2011-02-07","138705",2
"2011-02-08","168809",2
"2011-02-09","156386",2
"2011-02-10","183985",2
"2011-02-11","178874",2
"2011-02-12","278398",2
"2011-02-13","100533",2
"2011-02-14","169374",2
"2011-02-15","145769",2
"2011-02-16","162119",2
"2011-02-17","153402",2
"2011-02-18","178137",2
"2011-02-19","171844",2
"2011-02-20","101079",2
"2011-02-21","154039",2
"2011-02-22","182551",2
"2011-02-23","185023",2
"2011-02-24","213065",2
"2011-02-25","229628",2
"2011-02-26","227558",2
"2011-02-27","99676",2
"2011-02-28","155137",2
"2011-03-01","166433",2
"2011-03-02","150672",2
"2011-03-03","157176",2
"2011-03-04","180636",2
"2011-03-05","253342",2
"2011-03-06","109368",2
"2011-03-07","147708",2
"2011-03-08","155950",2
"2011-03-09","139995",2
"2011-03-10","145577",2
"2011-03-11","173846",2
"2011-03-12","256497",2
"2011-03-13","100754",2
"2011-03-14","159489",2
"2011-03-15","143132",2
"2011-03-16","152635",2
"2011-03-17","173354",2
"2011-03-18","187459",2
"2011-03-19","258149",2
"2011-03-20","99553",2
"2011-03-21","155395",2
"2011-03-22","174732",2
"2011-03-23","179997",2
"2011-03-24","173469",2
"2011-03-25","208287",2
"2011-03-26","277833",2
"2011-03-27","118548",2
"2011-03-28","164602",2
"2011-03-29","153518",2
"2011-03-30","154375",2
"2011-03-31","172636",2
"2011-04-01","220828",2
"2011-04-02","288469",2
"2011-04-03","103984",2
"2011-04-04","142246",2
"2011-04-05","154081",2
"2011-04-06","182990",2
"2011-04-07","182131",2
"2011-04-08","200105",2
"2011-04-09","235086",2
"2011-04-10","107842",2
"2011-04-11","145436",2
"2011-04-12","181972",2
"2011-04-13","157895",2
"2011-04-14","165258",2
"2011-04-15","187705",2
"2011-04-16","230076",2
"2011-04-17","110292",2
"2011-04-18","176826",2
"2011-04-19","191039",2
"2011-04-20","194927",2
"2011-04-21","225354",2
"2011-04-22","189262",2
"2011-04-23","211793",2
"2011-04-24","45638",1
"2011-04-25","121995",2
"2011-04-26","142120",2
"2011-04-27","188199",2
"2011-04-28","224526",2
"2011-04-29","114673",2
"2011-04-30","263065",2
"2011-05-01","112170",2
"2011-05-02","126067",2
"2011-05-03","157548",2
"2011-05-04","169530",2
"2011-05-05","161018",2
"2011-05-06","173689",2
"2011-05-07","207647",2
"2011-05-08","106056",2
"2011-05-09","148773",2
"2011-05-10","144998",2
"2011-05-11","155409",2
"2011-05-12","165598",2
"2011-05-13","157456",2
"2011-05-14","229222",2
"2011-05-15","87800",2
"2011-05-16","134059",2
"2011-05-17","145210",2
"2011-05-18","149862",2
"2011-05-19","165434",2
"2011-05-20","168836",2
"2011-05-21","249477",2
"2011-05-22","96889",2
"2011-05-23","125692",2
"2011-05-24","160545",2
"2011-05-25","155753",2
"2011-05-26","164988",2
"2011-05-27","205723",2
"2011-05-28","250313",2
"2011-05-29","108687",2
"2011-05-30","112696",2
"2011-05-31","208787",2
"2011-06-01","205799",2
"2011-06-02","201094",2
"2011-06-03","202018",2
"2011-06-04","214301",2
"2011-06-05","101291",2
"2011-06-06","160910",2
"2011-06-07","149367",2
"2011-06-08","150741",2
"2011-06-09","172714",2
"2011-06-10","153288",2
"2011-06-11","232397",2
"2011-06-12","76396",2
"2011-06-13","143220",2
"2011-06-14","164113",2
"2011-06-15","152495",2
"2011-06-16","165047",2
"2011-06-17","175602",2
"2011-06-18","250161",2
"2011-06-19","115385",2
"2011-06-20","155420",2
"2011-06-21","150730",2
"2011-06-22","153109",2
"2011-06-23","145607",2
"2011-06-24","197193",2
"2011-06-25","248061",2
"2011-06-26","104842",2
"2011-06-27","153509",2
"2011-06-28","158442",2
"2011-06-29","147368",2
"2011-06-30","212656",2
"2011-07-01","182863",2
"2011-07-02","234028",2
"2011-07-03","112394",2
"2011-07-04","159895",2
"2011-07-05","157605",2
"2011-07-06","155057",2
"2011-07-07","153295",2
"2011-07-08","158564",2
"2011-07-09","241836",2
"2011-07-10","103027",2
"2011-07-11","160101",2
"2011-07-12","150554",2
"2011-07-13","152365",2
"2011-07-14","166606",2
"2011-07-15","179532",2
"2011-07-16","218560",2
"2011-07-17","107661",2
"2011-07-18","140898",2
"2011-07-19","168148",2
"2011-07-20","159582",2
"2011-07-21","173798",2
"2011-07-22","178963",2
"2011-07-23","226803",2
"2011-07-24","100617",2
"2011-07-25","160155",2
"2011-07-26","176767",2
"2011-07-27","172806",2
"2011-07-28","189732",2
"2011-07-29","208030",2
"2011-07-30","233242",2
"2011-07-31","104682",2
"2011-08-01","155645",2
"2011-08-02","163710",2
"2011-08-03","156564",2
"2011-08-04","147250",2
"2011-08-05","180968",2
"2011-08-06","182899",2
"2011-08-07","102363",2
"2011-08-08","165201",2
"2011-08-09","170119",2
"2011-08-10","153699",2
"2011-08-11","149686",2
"2011-08-12","161281",2
"2011-08-13","189163",2
"2011-08-14","89573",2
"2011-08-15","153971",2
"2011-08-16","160248",2
"2011-08-17","180528",2
"2011-08-18","172946",2
"2011-08-19","181853",2
"2011-08-20","204004",2
"2011-08-21","98827",2
"2011-08-22","173128",2
"2011-08-23","160991",2
"2011-08-24","172322",2
"2011-08-25","177949",2
"2011-08-26","173152",2
"2011-08-27","209094",2
"2011-08-28","102443",2
"2011-08-29","118552",2
"2011-08-30","164267",2
"2011-08-31","174783",2
"2011-09-01","176219",2
"2011-09-02","186572",2
"2011-09-03","201837",2
"2011-09-04","94105",2
"2011-09-05","151527",2
"2011-09-06","137303",2
"2011-09-07","145350",2
"2011-09-08","150376",2
"2011-09-09","173763",2
"2011-09-10","213007",2
"2011-09-11","98986",2
"2011-09-12","148672",2
"2011-09-13","148313",2
"2011-09-14","149841",2
"2011-09-15","176717",2
"2011-09-16","165319",2
"2011-09-17","216809",2
"2011-09-18","108443",2
"2011-09-19","167099",2
"2011-09-20","166711",2
"2011-09-21","183955",2
"2011-09-22","172941",2
"2011-09-23","193683",2
"2011-09-24","272804",2
"2011-09-25","122844",2
"2011-09-26","178063",2
"2011-09-27","177659",2
"2011-09-28","174469",2
"2011-09-29","174764",2
"2011-09-30","200163",2
"2011-10-01","247322",2
"2011-10-02","112055",2
"2011-10-03","155817",2
"2011-10-04","155715",2
"2011-10-05","169425",2
"2011-10-06","148765",2
"2011-10-07","195497",2
"2011-10-08","231520",2
"2011-10-09","111308",2
"2011-10-10","123190",2
"2011-10-11","149904",2
"2011-10-12","141559",2
"2011-10-13","160732",2
"2011-10-14","189891",2
"2011-10-15","264461",2
"2011-10-16","114075",2
"2011-10-17","142452",2
"2011-10-18","140971",2
"2011-10-19","165576",2
"2011-10-20","167693",2
"2011-10-21","183873",2
"2011-10-22","267852",2
"2011-10-23","113242",2
"2011-10-24","193328",2
"2011-10-25","189892",2
"2011-10-26","197574",2
"2011-10-27","183416",2
"2011-10-28","238110",2
"2011-10-29","247803",2
"2011-10-30","122572",2
"2011-10-31","167361",2
"2011-11-01","160572",2
"2011-11-02","150390",2
"2011-11-03","152511",2
"2011-11-04","178773",2
"2011-11-05","221953",2
"2011-11-06","115966",2
"2011-11-07","140406",2
"2011-11-08","149953",2
"2011-11-09","182992",2
"2011-11-10","221029",2
"2011-11-11","209170",2
"2011-11-12","344532",1
"2011-11-13","135145",2
"2011-11-14","177601",2
"2011-11-15","184482",2
"2011-11-16","192252",2
"2011-11-17","217082",2
"2011-11-18","234356",2
"2011-11-19","368979",1
"2011-11-20","156085",2
"2011-11-21","180604",2
"2011-11-22","187942",2
"2011-11-23","191958",2
"2011-11-24","210096",2
"2011-11-25","218132",2
"2011-11-26","354469",1
"2011-11-27","174870",2
"2011-11-28","203514",2
"2011-11-29","177161",2
"2011-11-30","301033",1
"2011-12-01","224972",2
"2011-12-02","251588",2
"2011-12-03","374532",1
"2011-12-04","152858",2
"2011-12-05","191401",2
"2011-12-06","193419",2
"2011-12-07","190868",2
"2011-12-08","178366",2
"2011-12-09","222519",2
"2011-12-10","359730",1
"2011-12-11","172974",2
"2011-12-12","223513",2
"2011-12-13","215436",2
"2011-12-14","193612",2
"2011-12-15","250538",2
"2011-12-16","261225",2
"2011-12-17","340347",1
"2011-12-18","196846",2
"2011-12-19","274488",2
"2011-12-20","307868",1
"2011-12-21","299425",1
"2011-12-22","354833",1
"2011-12-23","286607",2
"2011-12-24","204329",2
"2011-12-25","4209",1
"2011-12-26","240340",2
"2011-12-27","287597",2
"2011-12-28","283715",2
"2011-12-29","208593",2
"2011-12-30","227873",2
"2011-12-31","184804",2
"2012-01-01","32486",1
"2012-01-02","141394",2
"2012-01-03","129334",2
"2012-01-04","135152",2
"2012-01-05","149768",2
"2012-01-06","169800",2
"2012-01-07","214503",2
"2012-01-08","94484",2
"2012-01-09","155961",2
"2012-01-10","155091",2
"2012-01-11","155671",2
"2012-01-12","167841",2
"2012-01-13","180191",2
"2012-01-14","215423",2
"2012-01-15","88229",2
"2012-01-16","141970",2
"2012-01-17","148770",2
"2012-01-18","155802",2
"2012-01-19","156259",2
"2012-01-20","164789",2
"2012-01-21","212224",2
"2012-01-22","89616",2
"2012-01-23","144178",2
"2012-01-24","127559",2
"2012-01-25","153974",2
"2012-01-26","155250",2
"2012-01-27","172081",2
"2012-01-28","281883",2
"2012-01-29","107268",2
"2012-01-30","158156",2
"2012-01-31","159155",2
"2012-02-01","175162",2
"2012-02-02","166454",2
"2012-02-03","192554",2
"2012-02-04","196501",2
"2012-02-05","82448",2
"2012-02-06","147406",2
"2012-02-07","154610",2
"2012-02-08","164303",2
"2012-02-09","152838",2
"2012-02-10","170136",2
"2012-02-11","235417",2
"2012-02-12","113103",2
"2012-02-13","212193",2
"2012-02-14","212022",2
"2012-02-15","201972",2
"2012-02-16","199181",2
"2012-02-17","207278",2
"2012-02-18","214059",2
"2012-02-19","104180",2
"2012-02-20","149548",2
"2012-02-21","160408",2
"2012-02-22","134652",2
"2012-02-23","162285",2
"2012-02-24","182307",2
"2012-02-25","240711",2
"2012-02-26","102794",2
"2012-02-27","136101",2
"2012-02-28","170496",2
"2012-02-29","169946",2
"2012-03-01","190772",2
"2012-03-02","184380",2
"2012-03-03","246850",2
"2012-03-04","84224",2
"2012-03-05","157211",2
"2012-03-06","170790",2
"2012-03-07","152383",2
"2012-03-08","166723",2
"2012-03-09","184127",2
"2012-03-10","287736",2
"2012-03-11","118334",2
"2012-03-12","158833",2
"2012-03-13","155341",2
"2012-03-14","164285",2
"2012-03-15","189167",2
"2012-03-16","199380",2
"2012-03-17","268448",2
"2012-03-18","110233",2
"2012-03-19","150142",2
"2012-03-20","172662",2
"2012-03-21","155464",2
"2012-03-22","186985",2
"2012-03-23","179974",2
"2012-03-24","269971",2
"2012-03-25","129649",2
"2012-03-26","173531",2
"2012-03-27","189907",2
"2012-03-28","169155",2
"2012-03-29","182307",2
"2012-03-30","199701",2
"2012-03-31","235024",2
"2012-04-01","116320",2
"2012-04-02","168059",2
"2012-04-03","165146",2
"2012-04-04","136537",2
"2012-04-05","231385",2
"2012-04-06","161798",2
"2012-04-07","205194",2
"2012-04-08","43270",1
"2012-04-09","106691",2
"2012-04-10","181759",2
"2012-04-11","176029",2
"2012-04-12","186698",2
"2012-04-13","192722",2
"2012-04-14","186931",2
"2012-04-15","98791",2
"2012-04-16","163545",2
"2012-04-17","172103",2
"2012-04-18","127194",2
"2012-04-19","143592",2
"2012-04-20","197210",2
"2012-04-21","250170",2
"2012-04-22","91664",2
"2012-04-23","139445",2
"2012-04-24","166446",2
"2012-04-25","117356",2
"2012-04-26","148487",2
"2012-04-27","188079",2
"2012-04-28","238070",2
"2012-04-29","75679",2
"2012-04-30","189734",2
"2012-05-01","154603",2
"2012-05-02","190423",2
"2012-05-03","166504",2
"2012-05-04","180167",2
"2012-05-05","254104",2
"2012-05-06","128888",2
"2012-05-07","119826",2
"2012-05-08","172458",2
"2012-05-09","155961",2
"2012-05-10","152250",2
"2012-05-11","168979",2
"2012-05-12","250100",2
"2012-05-13","109668",2
"2012-05-14","167136",2
"2012-05-15","158434",2
"2012-05-16","175410",2
"2012-05-17","162427",2
"2012-05-18","177685",2
"2012-05-19","232998",2
"2012-05-20","115261",2
"2012-05-21","155180",2
"2012-05-22","179001",2
"2012-05-23","184796",2
"2012-05-24","198044",2
"2012-05-25","213542",2
"2012-05-26","254042",2
"2012-05-27","123761",2
"2012-05-28","180196",2
"2012-05-29","187199",2
"2012-05-30","186323",2
"2012-05-31","171394",2
"2012-06-01","202234",2
"2012-06-02","237469",2
"2012-06-03","85815",2
"2012-06-04","135528",2
"2012-06-05","121618",2
"2012-06-06","205361",2
"2012-06-07","166222",2
"2012-06-08","174399",2
"2012-06-09","197659",2
"2012-06-10","98148",2
"2012-06-11","144715",2
"2012-06-12","162246",2
"2012-06-13","159440",2
"2012-06-14","175633",2
"2012-06-15","181237",2
"2012-06-16","206495",2
"2012-06-17","100238",2
"2012-06-18","160825",2
"2012-06-19","162527",2
"2012-06-20","181213",2
"2012-06-21","139673",2
"2012-06-22","149904",2
"2012-06-23","222024",2
"2012-06-24","111610",2
"2012-06-25","160250",2
"2012-06-26","176207",2
"2012-06-27","166578",2
"2012-06-28","152945",2
"2012-06-29","196118",2
"2012-06-30","257481",2
"2012-07-01","109782",2
"2012-07-02","153282",2
"2012-07-03","161678",2
"2012-07-04","157556",2
"2012-07-05","168753",2
"2012-07-06","142787",2
"2012-07-07","239446",2
"2012-07-08","117061",2
"2012-07-09","153640",2
"2012-07-10","158047",2
"2012-07-11","176153",2
"2012-07-12","183529",2
"2012-07-13","167320",2
"2012-07-14","244425",2
"2012-07-15","115795",2
"2012-07-16","154872",2
"2012-07-17","169587",2
"2012-07-18","170213",2
"2012-07-19","191852",2
"2012-07-20","182390",2
"2012-07-21","236906",2
"2012-07-22","109087",2
"2012-07-23","169817",2
"2012-07-24","163496",2
"2012-07-25","161610",2
"2012-07-26","171710",2
"2012-07-27","191383",2
"2012-07-28","205654",2
"2012-07-29","95930",2
"2012-07-30","158261",2
"2012-07-31","160651",2
"2012-08-01","158113",2
"2012-08-02","172318",2
"2012-08-03","170514",2
"2012-08-04","192424",2
"2012-08-05","95023",2
"2012-08-06","153825",2
"2012-08-07","146114",2
"2012-08-08","169339",2
"2012-08-09","170644",2
"2012-08-10","171725",2
"2012-08-11","187904",2
"2012-08-12","91403",2
"2012-08-13","153055",2
"2012-08-14","168597",2
"2012-08-15","150147",2
"2012-08-16","183229",2
"2012-08-17","170234",2
"2012-08-18","203191",2
"2012-08-19","88913",2
"2012-08-20","159540",2
"2012-08-21","161383",2
"2012-08-22","169200",2
"2012-08-23","170987",2
"2012-08-24","181461",2
"2012-08-25","186135",2
"2012-08-26","101235",2
"2012-08-27","99946",2
"2012-08-28","182913",2
"2012-08-29","146997",2
"2012-08-30","173058",2
"2012-08-31","204996",2
"2012-09-01","206732",2
"2012-09-02","97093",2
"2012-09-03","183319",2
"2012-09-04","168319",2
"2012-09-05","161043",2
"2012-09-06","162500",2
"2012-09-07","172105",2
"2012-09-08","203642",2
"2012-09-09","106111",2
"2012-09-10","151506",2
"2012-09-11","157483",2
"2012-09-12","142107",2
"2012-09-13","174928",2
"2012-09-14","169503",2
"2012-09-15","228579",2
"2012-09-16","110036",2
"2012-09-17","167992",2
"2012-09-18","171162",2
"2012-09-19","176182",2
"2012-09-20","169800",2
"2012-09-21","184202",2
"2012-09-22","260992",2
"2012-09-23","110741",2
"2012-09-24","125566",2
"2012-09-25","139601",2
"2012-09-26","158818",2
"2012-09-27","177859",2
"2012-09-28","189445",2
"2012-09-29","255439",2
"2012-09-30","108493",2
"2012-10-01","153368",2
"2012-10-02","158632",2
"2012-10-03","161026",2
"2012-10-04","170510",2
"2012-10-05","193475",2
"2012-10-06","244591",2
"2012-10-07","118154",2
"2012-10-08","144976",2
"2012-10-09","156909",2
"2012-10-10","165559",2
"2012-10-11","176203",2
"2012-10-12","179328",2
"2012-10-13","281582",2
"2012-10-14","116109",2
"2012-10-15","153667",2
"2012-10-16","141189",2
"2012-10-17","160431",2
"2012-10-18","168089",2
"2012-10-19","194455",2
"2012-10-20","286641",2
"2012-10-21","116526",2
"2012-10-22","141846",2
"2012-10-23","163072",2
"2012-10-24","162875",2
"2012-10-25","180383",2
"2012-10-26","194366",2
"2012-10-27","230217",2
"2012-10-28","110228",2
"2012-10-29","172583",2
"2012-10-30","188147",2
"2012-10-31","187825",2
"2012-11-01","190622",2
"2012-11-02","192913",2
"2012-11-03","221456",2
"2012-11-04","99036",2
"2012-11-05","153909",2
"2012-11-06","128700",2
"2012-11-07","146959",2
"2012-11-08","176024",2
"2012-11-09","161460",2
"2012-11-10","266709",2
"2012-11-11","117584",2
"2012-11-12","142527",2
"2012-11-13","165690",2
"2012-11-14","161561",2
"2012-11-15","172124",2
"2012-11-16","176904",2
"2012-11-17","262135",2
"2012-11-18","147312",2
"2012-11-19","137357",2
"2012-11-20","159979",2
"2012-11-21","151630",2
"2012-11-22","154444",2
"2012-11-23","182282",2
"2012-11-24","260407",2
"2012-11-25","122385",2
"2012-11-26","140530",2
"2012-11-27","144980",2
"2012-11-28","167309",2
"2012-11-29","188327",2
"2012-11-30","231568",2
"2012-12-01","338495",1
"2012-12-02","176599",2
"2012-12-03","175752",2
"2012-12-04","171888",2
"2012-12-05","183472",2
"2012-12-06","194807",2
"2012-12-07","201977",2
"2012-12-08","316443",1
"2012-12-09","155225",2
"2012-12-10","185337",2
"2012-12-11","201462",2
"2012-12-12","199363",2
"2012-12-13","200805",2
"2012-12-14","161980",2
"2012-12-15","320487",1
"2012-12-16","192206",2
"2012-12-17","207563",2
"2012-12-18","224274",2
"2012-12-19","226839",2
"2012-12-20","224738",2
"2012-12-21","275161",2
"2012-12-22","236174",2
"2012-12-23","195885",2
"2012-12-24","194516",2
"2012-12-25","4351",1
"2012-12-26","190130",2
"2012-12-27","247759",2
"2012-12-28","216241",2
"2012-12-29","187648",2
"2012-12-30","106423",2
"2012-12-31","147174",2
"2013-01-01","45364",1
"2013-01-02","167966",2
"2013-01-03","168006",2
"2013-01-04","174098",2
"2013-01-05","197591",2
"2013-01-06","92966",2
"2013-01-07","150467",2
"2013-01-08","146032",2
"2013-01-09","141849",2
"2013-01-10","156765",2
"2013-01-11","156986",2
"2013-01-12","185063",2
"2013-01-13","80144",2
"2013-01-14","118181",2
"2013-01-15","139327",2
"2013-01-16","134689",2
"2013-01-17","143730",2
"2013-01-18","125082",2
"2013-01-19","141411",2
"2013-01-20","75991",2
"2013-01-21","88052",2
"2013-01-22","124877",2
"2013-01-23","133859",2
"2013-01-24","147054",2
"2013-01-25","161496",2
"2013-01-26","187680",2
"2013-01-27","104796",2
"2013-01-28","146264",2
"2013-01-29","153764",2
"2013-01-30","139458",2
"2013-01-31","159035",2
"2013-02-01","184180",2
"2013-02-02","238751",2
"2013-02-03","108277",2
"2013-02-04","134064",2
"2013-02-05","133332",2
"2013-02-06","159141",2
"2013-02-07","175272",2
"2013-02-08","183350",2
"2013-02-09","245690",2
"2013-02-10","92752",2
"2013-02-11","156709",2
"2013-02-12","178862",2
"2013-02-13","138668",2
"2013-02-14","188121",2
"2013-02-15","178724",2
"2013-02-16","239014",2
"2013-02-17","110469",2
"2013-02-18","179662",2
"2013-02-19","202410",2
"2013-02-20","184642",2
"2013-02-21","193998",2
"2013-02-22","219287",2
"2013-02-23","216312",2
"2013-02-24","99404",2
"2013-02-25","150749",2
"2013-02-26","162833",2
"2013-02-27","185133",2
"2013-02-28","199121",2
"2013-03-01","193233",2
"2013-03-02","281374",2
"2013-03-03","118580",2
"2013-03-04","158350",2
"2013-03-05","171313",2
"2013-03-06","168718",2
"2013-03-07","174756",2
"2013-03-08","175243",2
"2013-03-09","234936",2
"2013-03-10","94619",2
"2013-03-11","140951",2
"2013-03-12","170443",2
"2013-03-13","179440",2
"2013-03-14","186444",2
"2013-03-15","187066",2
"2013-03-16","246631",2
"2013-03-17","122986",2
"2013-03-18","156747",2
"2013-03-19","188177",2
"2013-03-20","172644",2
"2013-03-21","279473",2
"2013-03-22","139153",2
"2013-03-23","164782",2
"2013-03-24","135830",2
"2013-03-25","170726",2
"2013-03-26","183569",2
"2013-03-27","174466",2
"2013-03-28","247554",2
"2013-03-29","312763",1
"2013-03-30","341037",1
"2013-03-31","65148",2
"2013-04-01","179511",2
"2013-04-02","232990",2
"2013-04-03","206321",2
"2013-04-04","230435",2
"2013-04-05","211404",2
"2013-04-06","250629",2
"2013-04-07","120647",2
"2013-04-08","191529",2
"2013-04-09","202993",2
"2013-04-10","220163",2
"2013-04-11","192573",2
"2013-04-12","189236",2
"2013-04-13","239775",2
"2013-04-14","116990",2
"2013-04-15","183221",2
"2013-04-16","180650",2
"2013-04-17","167930",2
"2013-04-18","161408",2
"2013-04-19","185926",2
"2013-04-20","284812",2
"2013-04-21","117436",2
"2013-04-22","188124",2
"2013-04-23","182741",2
"2013-04-24","161232",2
"2013-04-25","166426",2
"2013-04-26","206870",2
"2013-04-27","281226",2
"2013-04-28","125494",2
"2013-04-29","161858",2
"2013-04-30","174890",2
"2013-05-01","174136",2
"2013-05-02","197971",2
"2013-05-03","186086",2
"2013-05-04","280372",2
"2013-05-05","155959",2
"2013-05-06","154082",2
"2013-05-07","174720",2
"2013-05-08","152866",2
"2013-05-09","145303",2
"2013-05-10","161120",2
"2013-05-11","230911",2
"2013-05-12","105615",2
"2013-05-13","142265",2
"2013-05-14","156857",2
"2013-05-15","149256",2
"2013-05-16","175878",2
"2013-05-17","174107",2
"2013-05-18","212700",2
"2013-05-19","123878",2
"2013-05-20","151427",2
"2013-05-21","169521",2
"2013-05-22","168898",2
"2013-05-23","169113",2
"2013-05-24","163008",2
"2013-05-25","275159",2
"2013-05-26","152419",2
"2013-05-27","170375",2
"2013-05-28","185962",2
"2013-05-29","171404",2
"2013-05-30","185455",2
"2013-05-31","224071",2
"2013-06-01","242948",2
"2013-06-02","119760",2
"2013-06-03","177066",2
"2013-06-04","169235",2
"2013-06-05","167843",2
"2013-06-06","172376",2
"2013-06-07","171166",2
"2013-06-08","225157",2
"2013-06-09","115995",2
"2013-06-10","142477",2
"2013-06-11","149584",2
"2013-06-12","166470",2
"2013-06-13","161202",2
"2013-06-14","175839",2
"2013-06-15","233434",2
"2013-06-16","107556",2
"2013-06-17","152901",2
"2013-06-18","176099",2
"2013-06-19","171218",2
"2013-06-20","161039",2
"2013-06-21","165113",2
"2013-06-22","219809",2
"2013-06-23","110979",2
"2013-06-24","149908",2
"2013-06-25","163398",2
"2013-06-26","160307",2
"2013-06-27","149909",2
"2013-06-28","161140",2
"2013-06-29","252450",2
"2013-06-30","127512",2
"2013-07-01","157528",2
"2013-07-02","143319",2
"2013-07-03","155828",2
"2013-07-04","154236",2
"2013-07-05","176884",2
"2013-07-06","226024",2
"2013-07-07","105674",2
"2013-07-08","154918",2
"2013-07-09","147221",2
"2013-07-10","157911",2
"2013-07-11","159259",2
"2013-07-12","166382",2
"2013-07-13","196345",2
"2013-07-14","108007",2
"2013-07-15","137297",2
"2013-07-16","138287",2
"2013-07-17","148803",2
"2013-07-18","160922",2
"2013-07-19","168584",2
"2013-07-20","218621",2
"2013-07-21","105844",2
"2013-07-22","149860",2
"2013-07-23","142033",2
"2013-07-24","155590",2
"2013-07-25","161136",2
"2013-07-26","167982",2
"2013-07-27","195001",2
"2013-07-28","96437",2
"2013-07-29","135160",2
"2013-07-30","150684",2
"2013-07-31","152442",2
"2013-08-01","152847",2
"2013-08-02","168949",2
"2013-08-03","209095",2
"2013-08-04","110934",2
"2013-08-05","138921",2
"2013-08-06","161735",2
"2013-08-07","176283",2
"2013-08-08","168570",2
"2013-08-09","160974",2
"2013-08-10","196419",2
"2013-08-11","93821",2
"2013-08-12","146968",2
"2013-08-13","169277",2
"2013-08-14","156340",2
"2013-08-15","168450",2
"2013-08-16","156085",2
"2013-08-17","181654",2
"2013-08-18","95993",2
"2013-08-19","150425",2
"2013-08-20","161443",2
"2013-08-21","173404",2
"2013-08-22","169322",2
"2013-08-23","170485",2
"2013-08-24","184780",2
"2013-08-25","124855",2
"2013-08-26","118608",2
"2013-08-27","166548",2
"2013-08-28","159996",2
"2013-08-29","174319",2
"2013-08-30","190447",2
"2013-08-31","206667",2
"2013-09-01","102201",2
"2013-09-02","170087",2
"2013-09-03","158459",2
"2013-09-04","169852",2
"2013-09-05","167031",2
"2013-09-06","140702",2
"2013-09-07","206476",2
"2013-09-08","108288",2
"2013-09-09","151692",2
"2013-09-10","155812",2
"2013-09-11","136405",2
"2013-09-12","160085",2
"2013-09-13","162502",2
"2013-09-14","234349",2
"2013-09-15","98068",2
"2013-09-16","142913",2
"2013-09-17","161778",2
"2013-09-18","161842",2
"2013-09-19","152503",2
"2013-09-20","179761",2
"2013-09-21","253522",2
"2013-09-22","124759",2
"2013-09-23","147901",2
"2013-09-24","156805",2
"2013-09-25","168565",2
"2013-09-26","169602",2
"2013-09-27","197878",2
"2013-09-28","264802",2
"2013-09-29","111569",2
"2013-09-30","167317",2
"2013-10-01","171860",2
"2013-10-02","140724",2
"2013-10-03","153047",2
"2013-10-04","181987",2
"2013-10-05","261245",2
"2013-10-06","114687",2
"2013-10-07","145446",2
"2013-10-08","155152",2
"2013-10-09","152388",2
"2013-10-10","161856",2
"2013-10-11","169217",2
"2013-10-12","234502",2
"2013-10-13","103291",2
"2013-10-14","127890",2
"2013-10-15","150409",2
"2013-10-16","126760",2
"2013-10-17","167431",2
"2013-10-18","167647",2
"2013-10-19","250200",2
"2013-10-20","113223",2
"2013-10-21","110360",2
"2013-10-22","125275",2
"2013-10-23","148649",2
"2013-10-24","171556",2
"2013-10-25","182646",2
"2013-10-26","257914",2
"2013-10-27","115975",2
"2013-10-28","145462",2
"2013-10-29","179342",2
"2013-10-30","195667",2
"2013-10-31","207631",2
"2013-11-01","180352",2
"2013-11-02","203845",2
"2013-11-03","111860",2
"2013-11-04","152503",2
"2013-11-05","126886",2
"2013-11-06","141304",2
"2013-11-07","193441",2
"2013-11-08","176732",2
"2013-11-09","239467",2
"2013-11-10","129561",2
"2013-11-11","129194",2
"2013-11-12","161176",2
"2013-11-13","165199",2
"2013-11-14","173205",2
"2013-11-15","201465",2
"2013-11-16","345594",1
"2013-11-17","162311",2
"2013-11-18","135241",2
"2013-11-19","148485",2
"2013-11-20","139480",2
"2013-11-21","158881",2
"2013-11-22","192892",2
"2013-11-23","269308",2
"2013-11-24","148555",2
"2013-11-25","155045",2
"2013-11-26","157932",2
"2013-11-27","168132",2
"2013-11-28","183729",2
"2013-11-29","229986",2
"2013-11-30","393305",1
"2013-12-01","171399",2
"2013-12-02","185648",2
"2013-12-03","180270",2
"2013-12-04","190466",2
"2013-12-05","146065",2
"2013-12-06","224665",2
"2013-12-07","326943",1
"2013-12-08","158179",2
"2013-12-09","180964",2
"2013-12-10","204172",2
"2013-12-11","190232",2
"2013-12-12","195531",2
"2013-12-13","217166",2
"2013-12-14","334773",1
"2013-12-15","185296",2
"2013-12-16","197145",2
"2013-12-17","211962",2
"2013-12-18","194023",2
"2013-12-19","206853",2
"2013-12-20","230714",2
"2013-12-21","303925",1
"2013-12-22","187621",2
"2013-12-23","223284",2
"2013-12-24","193329",2
"2013-12-25","5040",1
"2013-12-26","218474",2
"2013-12-27","223977",2
"2013-12-28","231500",2
"2013-12-29","117577",2
"2013-12-30","162927",2
"2013-12-31","145018",2
"2014-01-01","34198",1
"2014-01-02","162804",2
"2014-01-03","146782",2
"2014-01-04","176300",2
"2014-01-05","76007",2
"2014-01-06","118319",2
"2014-01-07","139982",2
"2014-01-08","119888",2
"2014-01-09","131541",2
"2014-01-10","144141",2
"2014-01-11","177367",2
"2014-01-12","82680",2
"2014-01-13","125018",2
"2014-01-14","129259",2
"2014-01-15","137299",2
"2014-01-16","135425",2
"2014-01-17","135605",2
"2014-01-18","164434",2
"2014-01-19","80918",2
"2014-01-20","128127",2
"2014-01-21","124628",2
"2014-01-22","124472",2
"2014-01-23","141443",2
"2014-01-24","139687",2
"2014-01-25","185574",2
"2014-01-26","82972",2
"2014-01-27","138671",2
"2014-01-28","128606",2
"2014-01-29","136948",2
"2014-01-30","144287",2
"2014-01-31",NA,0
"2014-02-01",NA,0
"2014-02-02",NA,0
"2014-02-03","137967",2
"2014-02-04","137408",2
"2014-02-05","126856",2
"2014-02-06","150874",2
"2014-02-07","178612",2
"2014-02-08","235363",2
"2014-02-09","101865",2
"2014-02-10","153941",2
"2014-02-11","139224",2
"2014-02-12","118933",2
"2014-02-13","172527",2
"2014-02-14","153059",2
"2014-02-15","198310",2
"2014-02-16","109472",2
"2014-02-17","150754",2
"2014-02-18","178211",2
"2014-02-19","189042",2
"2014-02-20","168466",2
"2014-02-21","190179",2
"2014-02-22","238848",2
"2014-02-23","110591",2
"2014-02-24","155081",2
"2014-02-25","153531",2
"2014-02-26","169663",2
"2014-02-27","172238",2
"2014-02-28","200046",2
"2014-03-01","258212",2
"2014-03-02","110435",2
"2014-03-03","146423",2
"2014-03-04","154273",2
"2014-03-05","159010",2
"2014-03-06","167726",2
"2014-03-07","162081",2
"2014-03-08","243981",2
"2014-03-09","131576",2
"2014-03-10","160244",2
"2014-03-11","152099",2
"2014-03-12","165513",2
"2014-03-13","175001",2
"2014-03-14","182083",2
"2014-03-15","242784",2
"2014-03-16","130663",2
"2014-03-17","161910",2
"2014-03-18","153619",2
"2014-03-19","159659",2
"2014-03-20","192949",2
"2014-03-21","167877",2
"2014-03-22","249093",2
"2014-03-23","118482",2
"2014-03-24","153817",2
"2014-03-25","158072",2
"2014-03-26","184337",2
"2014-03-27","172617",2
"2014-03-28","204374",2
"2014-03-29","275729",2
"2014-03-30","121262",2
"2014-03-31","155073",2
"2014-04-01","158365",2
"2014-04-02","156954",2
"2014-04-03","176234",2
"2014-04-04","178399",2
"2014-04-05","226539",2
"2014-04-06","112337",2
"2014-04-07","148243",2
"2014-04-08","164410",2
"2014-04-09","176562",2
"2014-04-10","186888",2
"2014-04-11","193036",2
"2014-04-12","220941",2
"2014-04-13","113000",2
"2014-04-14","180315",2
"2014-04-15","179143",2
"2014-04-16","182919",2
"2014-04-17","181951",2
"2014-04-18","179655",2
"2014-04-19","217751",2
"2014-04-20","58530",2
"2014-04-21","145792",2
"2014-04-22","166615",2
"2014-04-23","166328",2
"2014-04-24","172791",2
"2014-04-25","179303",2
"2014-04-26","241907",2
"2014-04-27","123423",2
"2014-04-28","174226",2
"2014-04-29","182465",2
"2014-04-30","186485",2
"2014-05-01","160634",2
"2014-05-02","186443",2
"2014-05-03","276737",2
"2014-05-04","150831",2
"2014-05-05","138076",2
"2014-05-06","171069",2
"2014-05-07","148336",2
"2014-05-08","145909",2
"2014-05-09","175467",2
"2014-05-10","224641",2
"2014-05-11","114464",2
"2014-05-12","158561",2
"2014-05-13","166733",2
"2014-05-14","179965",2
"2014-05-15","184004",2
"2014-05-16","203302",2
"2014-05-17",NA,0
"2014-05-18","130647",2
"2014-05-19","164241",2
"2014-05-20","157941",2
"2014-05-21","183786",2
"2014-05-22","153463",2
"2014-05-23","179019",2
"2014-05-24","213775",2
"2014-05-25","135248",2
"2014-05-26","171591",2
"2014-05-27","207666",2
"2014-05-28","165814",2
"2014-05-29","190160",2
"2014-05-30","235280",2
"2014-05-31","265500",2
"2014-06-01","126322",2
"2014-06-02","181644",2
"2014-06-03","169777",2
"2014-06-04","166456",2
"2014-06-05","170842",2
"2014-06-06","207521",2
"2014-06-07","208707",2
"2014-06-08","131377",2
"2014-06-09","146948",2
"2014-06-10","174124",2
"2014-06-11","183568",2
"2014-06-12","185378",2
"2014-06-13","193919",2
"2014-06-14","252321",2
"2014-06-15","114912",2
"2014-06-16","169749",2
"2014-06-17","188974",2
"2014-06-18","187631",2
"2014-06-19","174610",2
"2014-06-20","191279",2
"2014-06-21","257773",2
"2014-06-22","131239",2
"2014-06-23","170389",2
"2014-06-24","156221",2
"2014-06-25","169579",2
"2014-06-26","170162",2
"2014-06-27","177618",2
"2014-06-28","248552",2
"2014-06-29","129651",2
"2014-06-30","177944",2
"2014-07-01","161486",2
"2014-07-02","179295",2
"2014-07-03","185492",2
"2014-07-04","176511",2
"2014-07-05","346180",1
"2014-07-06","113703",2
"2014-07-07","171375",2
"2014-07-08","154301",2
"2014-07-09","184235",2
"2014-07-10","197905",2
"2014-07-11","188149",2
"2014-07-12","242396",2
"2014-07-13","131365",2
"2014-07-14","158686",2
"2014-07-15","163072",2
"2014-07-16","167272",2
"2014-07-17","179559",2
"2014-07-18","175925",2
"2014-07-19","233049",2
"2014-07-20","129271",2
"2014-07-21","176694",2
"2014-07-22","168194",2
"2014-07-23","174961",2
"2014-07-24","178713",2
"2014-07-25","193520",2
"2014-07-26","227909",2
"2014-07-27","129642",2
"2014-07-28","159006",2
"2014-07-29","165925",2
"2014-07-30","172141",2
"2014-07-31","184851",2
"2014-08-01","168899",2
"2014-08-02","206385",2
"2014-08-03","141669",2
"2014-08-04","157915",2
"2014-08-05","173879",2
"2014-08-06","162219",2
"2014-08-07","182457",2
"2014-08-08","168352",2
"2014-08-09","217001",2
"2014-08-10","81786",2
"2014-08-11","153342",2
"2014-08-12","177274",2
"2014-08-13","140070",2
"2014-08-14","168801",2
"2014-08-15","163052",2
"2014-08-16","217273",2
"2014-08-17","111847",2
"2014-08-18","159720",2
"2014-08-19","169007",2
"2014-08-20","175942",2
"2014-08-21","166188",2
"2014-08-22","183619",2
"2014-08-23","191515",2
"2014-08-24","107161",2
"2014-08-25","100337",2
"2014-08-26","169847",2
"2014-08-27","172451",2
"2014-08-28","181046",2
"2014-08-29","189806",2
"2014-08-30","225701",2
"2014-08-31","111473",2
"2014-09-01","172346",2
"2014-09-02","184884",2
"2014-09-03","162017",2
"2014-09-04","173203",2
"2014-09-05","170678",2
"2014-09-06","207224",2
"2014-09-07","131500",2
"2014-09-08","156916",2
"2014-09-09","161456",2
"2014-09-10","168535",2
"2014-09-11","179273",2
"2014-09-12","186493",2
"2014-09-13","234865",2
"2014-09-14","116267",2
"2014-09-15","155806",2
"2014-09-16","164112",2
"2014-09-17","168240",2
"2014-09-18","168750",2
"2014-09-19","197831",2
"2014-09-20","256435",2
"2014-09-21","137825",2
"2014-09-22","188470",2
"2014-09-23","188665",2
"2014-09-24","196361",2
"2014-09-25","192016",2
"2014-09-26","224822",2
"2014-09-27","287484",2
"2014-09-28","149670",2
"2014-09-29","197723",2
"2014-09-30","197632",2
"2014-10-01","189515",2
"2014-10-02","197194",2
"2014-10-03","254706",2
"2014-10-04","261047",2
"2014-10-05","155370",2
"2014-10-06","137633",2
"2014-10-07","158828",2
"2014-10-08","164936",2
"2014-10-09","175613",2
"2014-10-10","210136",2
"2014-10-11","270590",2
"2014-10-12","133729",2
"2014-10-13","141350",2
"2014-10-14","150500",2
"2014-10-15","160822",2
"2014-10-16","173742",2
"2014-10-17","190917",2
"2014-10-18","268090",2
"2014-10-19","129412",2
"2014-10-20","146842",2
"2014-10-21","151312",2
"2014-10-22","164191",2
"2014-10-23","183059",2
"2014-10-24","211794",2
"2014-10-25","281290",2
"2014-10-26","146940",2
"2014-10-27","214602",2
"2014-10-28","205590",2
"2014-10-29","225210",2
"2014-10-30","223936",2
"2014-10-31","270781",2
"2014-11-01","270251",2
"2014-11-02","138834",2
"2014-11-03","163662",2
"2014-11-04","168156",2
"2014-11-05","166018",2
"2014-11-06","164480",2
"2014-11-07","173640",2
"2014-11-08","233843",2
"2014-11-09","144510",2
"2014-11-10","153856",2
"2014-11-11","158272",2
"2014-11-12","163645",2
"2014-11-13","199625",2
"2014-11-14","175784",2
"2014-11-15","307865",1
"2014-11-16","161663",2
"2014-11-17","159475",2
"2014-11-18","164140",2
"2014-11-19","179795",2
"2014-11-20","185022",2
"2014-11-21","201737",2
"2014-11-22","318237",1
"2014-11-23","175308",2
"2014-11-24","177535",2
"2014-11-25","183351",2
"2014-11-26","170368",2
"2014-11-27","180833",2
"2014-11-28","275287",2
"2014-11-29","374377",1
"2014-11-30","184057",2
"2014-12-01","201680",2
"2014-12-02","190158",2
"2014-12-03","200003",2
"2014-12-04","199567",2
"2014-12-05","237425",2
"2014-12-06","357633",1
"2014-12-07","178051",2
"2014-12-08","191754",2
"2014-12-09","185534",2
"2014-12-10","155127",2
"2014-12-11","178250",2
"2014-12-12","230802",2
"2014-12-13","320333",1
"2014-12-14","185331",2
"2014-12-15","197488",2
"2014-12-16","209250",2
"2014-12-17","207107",2
"2014-12-18","204475",2
"2014-12-19","241263",2
"2014-12-20","299064",1
"2014-12-21","179636",2
"2014-12-22","268586",2
"2014-12-23","248777",2
"2014-12-24","201434",2
"2014-12-25","5843",1
"2014-12-26","215989",2
"2014-12-27","235288",2
"2014-12-28","124068",2
"2014-12-29","197691",2
"2014-12-30","187955",2
"2014-12-31","168536",2
"2015-01-01","46056",1
"2015-01-02","180315",2
"2015-01-03","155585",2
"2015-01-04","89538",2
"2015-01-05","141639",2
"2015-01-06","145618",2
"2015-01-07","135597",2
"2015-01-08","144728",2
"2015-01-09","139411",2
"2015-01-10","186406",2
"2015-01-11","88850",2
"2015-01-12","130455",2
"2015-01-13","140079",2
"2015-01-14","136512",2
"2015-01-15","142516",2
"2015-01-16","148395",2
"2015-01-17","156420",2
"2015-01-18","87654",2
"2015-01-19","140485",2
"2015-01-20","143499",2
"2015-01-21","108806",2
"2015-01-22","155169",2
"2015-01-23","156493",2
"2015-01-24","209237",2
"2015-01-25","101147",2
"2015-01-26","151126",2
"2015-01-27","144263",2
"2015-01-28","122643",2
"2015-01-29","121530",2
"2015-01-30","166976",2
"2015-01-31","219558",2
"2015-02-01","113041",2
"2015-02-02","148246",2
"2015-02-03","152279",2
"2015-02-04","155704",2
"2015-02-05","146715",2
"2015-02-06","165966",2
"2015-02-07","232756",2
"2015-02-08","109666",2
"2015-02-09","139794",2
"2015-02-10","140143",2
"2015-02-11","156019",2
"2015-02-12","164121",2
"2015-02-13","173204",2
"2015-02-14","227492",2
"2015-02-15","116083",2
"2015-02-16","173709",2
"2015-02-17","182574",2
"2015-02-18","194542",2
"2015-02-19","163723",2
"2015-02-20","200489",2
"2015-02-21","215859",2
"2015-02-22","95120",2
"2015-02-23","142621",2
"2015-02-24","145360",2
"2015-02-25","162227",2
"2015-02-26","149100",2
"2015-02-27","203490",2
"2015-02-28","266291",2
"2015-03-01","102082",2
"2015-03-02","131382",2
"2015-03-03","139288",2
"2015-03-04","171750",2
"2015-03-05","176491",2
"2015-03-06","197412",2
"2015-03-07","267970",2
"2015-03-08","119704",2
"2015-03-09","145393",2
"2015-03-10","178371",2
"2015-03-11","167509",2
"2015-03-12","185677",2
"2015-03-13","195359",2
"2015-03-14","248836",2
"2015-03-15","117031",2
"2015-03-16","142441",2
"2015-03-17","161453",2
"2015-03-18","163122",2
"2015-03-19","166787",2
"2015-03-20","187602",2
"2015-03-21","237523",2
"2015-03-22","122919",2
"2015-03-23","140938",2
"2015-03-24","140185",2
"2015-03-25","161395",2
"2015-03-26","145159",2
"2015-03-27","189101",2
"2015-03-28","216828",2
"2015-03-29","97783",2
"2015-03-30","152894",2
"2015-03-31","142529",2
"2015-04-01","169075",2
"2015-04-02","200308",2
"2015-04-03","160691",2
"2015-04-04","219627",2
"2015-04-05","76229",2
"2015-04-06","141136",2
"2015-04-07","181232",2
"2015-04-08","183378",2
"2015-04-09","193727",2
"2015-04-10","196973",2
"2015-04-11","208376",2
"2015-04-12","105173",2
"2015-04-13","172282",2
"2015-04-14","157534",2
"2015-04-15","171664",2
"2015-04-16","173027",2
"2015-04-17","190346",2
"2015-04-18","223814",2
"2015-04-19","112274",2
"2015-04-20","165645",2
"2015-04-21","174011",2
"2015-04-22","180252",2
"2015-04-23","183840",2
"2015-04-24","207650",2
"2015-04-25","244500",2
"2015-04-26","132087",2
"2015-04-27","160683",2
"2015-04-28","155123",2
"2015-04-29","156963",2
"2015-04-30","161547",2
"2015-05-01","189918",2
"2015-05-02","239159",2
"2015-05-03","121895",2
"2015-05-04","156615",2
"2015-05-05","149651",2
"2015-05-06","133396",2
"2015-05-07","163220",2
"2015-05-08","163427",2
"2015-05-09","220573",2
"2015-05-10","130498",2
"2015-05-11","163681",2
"2015-05-12","160132",2
"2015-05-13","159284",2
"2015-05-14","163150",2
"2015-05-15","201114",2
"2015-05-16","242840",2
"2015-05-17","119833",2
"2015-05-18","142458",2
"2015-05-19","142931",2
"2015-05-20","167973",2
"2015-05-21","189523",2
"2015-05-22","193501",2
"2015-05-23","245403",2
"2015-05-24","134603",2
"2015-05-25","149255",2
"2015-05-26","190380",2
"2015-05-27","188751",2
"2015-05-28","206882",2
"2015-05-29","207813",2
"2015-05-30","258224",2
"2015-05-31","117433",2
"2015-06-01","156288",2
"2015-06-02","163193",2
"2015-06-03","188264",2
"2015-06-04","194144",2
"2015-06-05","204807",2
"2015-06-06","249720",2
"2015-06-07","133046",2
"2015-06-08","163598",2
"2015-06-09","156219",2
"2015-06-10","179437",2
"2015-06-11","177111",2
"2015-06-12","199258",2
"2015-06-13","228651",2
"2015-06-14","120824",2
"2015-06-15","164433",2
"2015-06-16","173097",2
"2015-06-17","164931",2
"2015-06-18","183732",2
"2015-06-19","197283",2
"2015-06-20","242140",2
"2015-06-21","111685",2
"2015-06-22","148024",2
"2015-06-23","163479",2
"2015-06-24","167948",2
"2015-06-25","176993",2
"2015-06-26","188433",2
"2015-06-27","243974",2
"2015-06-28","122748",2
"2015-06-29","158261",2
"2015-06-30","174024",2
"2015-07-01","158277",2
"2015-07-02","165050",2
"2015-07-03",NA,0
"2015-07-04",NA,0
"2015-07-05",NA,0
"2015-07-06","148032",2
"2015-07-07","142797",2
"2015-07-08","149441",2
"2015-07-09","172815",2
"2015-07-10","177654",2
"2015-07-11","220993",2
"2015-07-12","142948",2
"2015-07-13","147172",2
"2015-07-14","165629",2
"2015-07-15","184222",2
"2015-07-16","182763",2
"2015-07-17","177424",2
"2015-07-18","229533",2
"2015-07-19","120201",2
"2015-07-20","173198",2
"2015-07-21","189150",2
"2015-07-22","179911",2
"2015-07-23","191852",2
"2015-07-24","197953",2
"2015-07-25","220275",2
"2015-07-26","104895",2
"2015-07-27","166741",2
"2015-07-28","173217",2
"2015-07-29","183614",2
"2015-07-30","184115",2
"2015-07-31","203643",2
"2015-08-01","205237",2
"2015-08-02","146423",2
"2015-08-03","169500",2
"2015-08-04","175201",2
"2015-08-05","181535",2
"2015-08-06","178963",2
"2015-08-07","196090",2
"2015-08-08","220086",2
"2015-08-09","120726",2
"2015-08-10","151793",2
"2015-08-11","183241",2
"2015-08-12","168607",2
"2015-08-13","173130",2
"2015-08-14","152142",2
"2015-08-15","206778",2
"2015-08-16","123978",2
"2015-08-17","173245",2
"2015-08-18","164113",2
"2015-08-19","189567",2
"2015-08-20","190949",2
"2015-08-21","184637",2
"2015-08-22","207393",2
"2015-08-23","123680",2
"2015-08-24","169884",2
"2015-08-25","186923",2
"2015-08-26","192745",2
"2015-08-27","198766",2
"2015-08-28","202027",2
"2015-08-29","227441",2
"2015-08-30","147445",2
"2015-08-31",NA,0
"2015-09-01",NA,0
"2015-09-02",NA,0
"2015-09-03",NA,0
"2015-09-04",NA,0
"2015-09-05",NA,0
"2015-09-06",NA,0
"2015-09-07","160003",2
"2015-09-08","167852",2
"2015-09-09","161178",2
"2015-09-10","167341",2
"2015-09-11","171032",2
"2015-09-12","197170",2
"2015-09-13","128874",2
"2015-09-14","145982",2
"2015-09-15","155102",2
"2015-09-16","173340",2
"2015-09-17","174317",2
"2015-09-18","203493",2
"2015-09-19","256848",2
"2015-09-20","141139",2
"2015-09-21","154612",2
"2015-09-22","184019",2
"2015-09-23","184357",2
"2015-09-24","182687",2
"2015-09-25","215387",2
"2015-09-26","272030",2
"2015-09-27","142643",2
"2015-09-28","161306",2
"2015-09-29","196639",2
"2015-09-30","181530",2
"2015-10-01","186063",2
"2015-10-02","208229",2
"2015-10-03","274422",2
"2015-10-04","136518",2
"2015-10-05","138782",2
"2015-10-06","158320",2
"2015-10-07","139371",2
"2015-10-08","170355",2
"2015-10-09","244384",2
"2015-10-10","251123",2
"2015-10-11","124838",2
"2015-10-12","153057",2
"2015-10-13","162168",2
"2015-10-14","171597",2
"2015-10-15","164173",2
"2015-10-16","195643",2
"2015-10-17","268185",2
"2015-10-18","131041",2
"2015-10-19","160943",2
"2015-10-20","167152",2
"2015-10-21","161051",2
"2015-10-22","173625",2
"2015-10-23","199096",2
"2015-10-24","251719",2
"2015-10-25","136661",2
"2015-10-26","187383",2
"2015-10-27","194185",2
"2015-10-28","167972",2
"2015-10-29","200294",2
"2015-10-30","231013",2
"2015-10-31","262381",2
"2015-11-01","127012",2
"2015-11-02","150075",2
"2015-11-03","153334",2
"2015-11-04","158090",2
"2015-11-05","142478",2
"2015-11-06","184241",2
"2015-11-07","235371",2
"2015-11-08","119911",2
"2015-11-09","139276",2
"2015-11-10","169624",2
"2015-11-11","160627",2
"2015-11-12","175126",2
"2015-11-13","158534",2
"2015-11-14","234048",2
"2015-11-15","130584",2
"2015-11-16","156372",2
"2015-11-17","144121",2
"2015-11-18","148119",2
"2015-11-19","155499",2
"2015-11-20","184013",2
"2015-11-21","282424",2
"2015-11-22","152758",2
"2015-11-23","157176",2
"2015-11-24","155368",2
"2015-11-25","176622",2
"2015-11-26","178958",2
"2015-11-27","286810",2
"2015-11-28","296564",1
"2015-11-29","144418",2
"2015-11-30","160007",2
"2015-12-01","170050",2
"2015-12-02","191146",2
"2015-12-03","179582",2
"2015-12-04","228404",2
"2015-12-05","307142",1
"2015-12-06","179791",2
"2015-12-07","194651",2
"2015-12-08","185337",2
"2015-12-09","193676",2
"2015-12-10","186142",2
"2015-12-11","210601",2
"2015-12-12","219863",2
"2015-12-13","177456",2
"2015-12-14","193442",2
"2015-12-15","182590",2
"2015-12-16","198984",2
"2015-12-17","225588",2
"2015-12-18","250714",2
"2015-12-19","297084",1
"2015-12-20","201103",2
"2015-12-21","255488",2
"2015-12-22","194120",2
"2015-12-23","254610",2
"2015-12-24","201728",2
"2015-12-25","8737",1
"2015-12-26","198532",2
"2015-12-27","147279",2
"2015-12-28","160930",2
"2015-12-29","220529",2
"2015-12-30","173549",2
"2015-12-31","183778",2
"2016-01-01","48875",1
"2016-01-02","167007",2
"2016-01-03","89740",2
"2016-01-04","149232",2
"2016-01-05","138352",2
"2016-01-06","158312",2
"2016-01-07","157737",2
"2016-01-08","174361",2
"2016-01-09","219654",2
"2016-01-10","117161",2
"2016-01-11","152846",2
"2016-01-12","152698",2
"2016-01-13","171830",2
"2016-01-14","152534",2
"2016-01-15","174318",2
"2016-01-16","222904",2
"2016-01-17","99475",2
"2016-01-18","163068",2
"2016-01-19","168671",2
"2016-01-20","162363",2
"2016-01-21","162575",2
"2016-01-22","170516",2
"2016-01-23","222932",2
"2016-01-24","106385",2
"2016-01-25","169575",2
"2016-01-26","150418",2
"2016-01-27","159824",2
"2016-01-28","162610",2
"2016-01-29","178808",2
"2016-01-30","223088",2
"2016-01-31","106510",2
"2016-02-01","147056",2
"2016-02-02","138349",2
"2016-02-03","164567",2
"2016-02-04","162114",2
"2016-02-05","176951",2
"2016-02-06","212542",2
"2016-02-07","121205",2
"2016-02-08","128756",2
"2016-02-09","145705",2
"2016-02-10","158218",2
"2016-02-11","169137",2
"2016-02-12","186511",2
"2016-02-13","226372",2
"2016-02-14","118251",2
"2016-02-15","168331",2
"2016-02-16","166530",2
"2016-02-17","146517",2
"2016-02-18","184417",2
"2016-02-19","191952",2
"2016-02-20","208161",2
"2016-02-21","96849",2
"2016-02-22","151478",2
"2016-02-23","155584",2
"2016-02-24","157730",2
"2016-02-25","168429",2
"2016-02-26","192162",2
"2016-02-27","247576",2
"2016-02-28","128615",2
"2016-02-29","153132",2
"2016-03-01","137163",2
"2016-03-02","141838",2
"2016-03-03","175346",2
"2016-03-04","155022",2
"2016-03-05","251042",2
"2016-03-06","109440",2
"2016-03-07","163675",2
"2016-03-08","150670",2
"2016-03-09","127330",2
"2016-03-10","154850",2
"2016-03-11","186738",2
"2016-03-12","244049",2
"2016-03-13","127599",2
"2016-03-14","168738",2
"2016-03-15","152021",2
"2016-03-16","158368",2
"2016-03-17","187312",2
"2016-03-18","183123",2
"2016-03-19","242680",2
"2016-03-20","111661",2
"2016-03-21","163472",2
"2016-03-22","159017",2
"2016-03-23","152878",2
"2016-03-24","189097",2
"2016-03-25","184668",2
"2016-03-26","197571",2
"2016-03-27","53699",2
"2016-03-28","118342",2
"2016-03-29","160155",2
"2016-03-30","167387",2
"2016-03-31","196489",2
"2016-04-01","178865",2
"2016-04-02","213690",2
"2016-04-03","118342",2
"2016-04-04","173150",2
"2016-04-05","155731",2
"2016-04-06","168861",2
"2016-04-07","177227",2
"2016-04-08","193601",2
"2016-04-09","215796",2
"2016-04-10","104889",2
"2016-04-11","173109",2
"2016-04-12","134808",2
"2016-04-13","170681",2
"2016-04-14","160675",2
"2016-04-15","181005",2
"2016-04-16","214616",2
"2016-04-17","119826",2
"2016-04-18","159101",2
"2016-04-19","173250",2
"2016-04-20","170164",2
"2016-04-21","168901",2
"2016-04-22","189870",2
"2016-04-23","229103",2
"2016-04-24","105001",2
"2016-04-25","145855",2
"2016-04-26","142879",2
"2016-04-27","147868",2
"2016-04-28","150231",2
"2016-04-29","178019",2
"2016-04-30","248694",2
"2016-05-01","122012",2
"2016-05-02","138054",2
"2016-05-03","160635",2
"2016-05-04","166690",2
"2016-05-05","170306",2
"2016-05-06","184681",2
"2016-05-07","229843",2
"2016-05-08","138239",2
"2016-05-09","156866",2
"2016-05-10","140637",2
"2016-05-11","156900",2
"2016-05-12","190153",2
"2016-05-13","184598",2
"2016-05-14","232110",2
"2016-05-15","120629",2
"2016-05-16","160443",2
"2016-05-17","160210",2
"2016-05-18","137446",2
"2016-05-19","170133",2
"2016-05-20","185528",2
"2016-05-21","210930",2
"2016-05-22","117712",2
"2016-05-23","151975",2
"2016-05-24","162550",2
"2016-05-25","155287",2
"2016-05-26","174149",2
"2016-05-27","198105",2
"2016-05-28","258730",2
"2016-05-29","142988",2
"2016-05-30","147838",2
"2016-05-31","178989",2
"2016-06-01","177537",2
"2016-06-02","196001",2
"2016-06-03","209540",2
"2016-06-04","227201",2
"2016-06-05","117857",2
"2016-06-06","169516",2
"2016-06-07","165326",2
"2016-06-08","157838",2
"2016-06-09","177346",2
"2016-06-10","171654",2
"2016-06-11","205045",2
"2016-06-12","132668",2
"2016-06-13","143427",2
"2016-06-14","157799",2
"2016-06-15","155211",2
"2016-06-16","169793",2
"2016-06-17","183667",2
"2016-06-18","233122",2
"2016-06-19","112523",2
"2016-06-20","148632",2
"2016-06-21","167375",2
"2016-06-22","160819",2
"2016-06-23","179541",2
"2016-06-24","184968",2
"2016-06-25","220291",2
"2016-06-26","117812",2
"2016-06-27","164410",2
"2016-06-28","154581",2
"2016-06-29","148878",2
"2016-06-30","178485",2
"2016-07-01",NA,0
"2016-07-02",NA,0
"2016-07-03",NA,0
"2016-07-04","170517",2
"2016-07-05","175234",2
"2016-07-06","161720",2
"2016-07-07","164261",2
"2016-07-08","164659",2
"2016-07-09","216720",2
"2016-07-10","130084",2
"2016-07-11","162512",2
"2016-07-12","167613",2
"2016-07-13","175270",2
"2016-07-14","180825",2
"2016-07-15","178475",2
"2016-07-16","242229",2
"2016-07-17","120486",2
"2016-07-18","171555",2
"2016-07-19","170781",2
"2016-07-20","184133",2
"2016-07-21","186627",2
"2016-07-22","207244",2
"2016-07-23","229155",2
"2016-07-24","119258",2
"2016-07-25","190163",2
"2016-07-26","193252",2
"2016-07-27","206296",2
"2016-07-28","181623",2
"2016-07-29","219998",2
"2016-07-30","243208",2
"2016-07-31","138384",2
"2016-08-01","181910",2
"2016-08-02","193975",2
"2016-08-03","190008",2
"2016-08-04","192126",2
"2016-08-05","213585",2
"2016-08-06","232444",2
"2016-08-07","137543",2
"2016-08-08","176661",2
"2016-08-09","176401",2
"2016-08-10","194924",2
"2016-08-11","205092",2
"2016-08-12","209324",2
"2016-08-13","217851",2
"2016-08-14","123579",2
"2016-08-15","193797",2
"2016-08-16","203880",2
"2016-08-17","199070",2
"2016-08-18","202742",2
"2016-08-19","189242",2
"2016-08-20","219690",2
"2016-08-21","125606",2
"2016-08-22","186454",2
"2016-08-23","210698",2
"2016-08-24","202275",2
"2016-08-25","179770",2
"2016-08-26","223256",2
"2016-08-27","227401",2
"2016-08-28","146563",2
"2016-08-29","152177",2
"2016-08-30","204998",2
"2016-08-31","214117",2
"2016-09-01","214093",2
"2016-09-02","202495",2
"2016-09-03","209217",2
"2016-09-04","124933",2
"2016-09-05","187650",2
"2016-09-06","200664",2
"2016-09-07","198418",2
"2016-09-08","191690",2
"2016-09-09","202386",2
"2016-09-10","240363",2
"2016-09-11","138339",2
"2016-09-12","183863",2
"2016-09-13","186096",2
"2016-09-14","186684",2
"2016-09-15","213014",2
"2016-09-16","202759",2
"2016-09-17","261357",2
"2016-09-18","158844",2
"2016-09-19","192078",2
"2016-09-20","212283",2
"2016-09-21","208018",2
"2016-09-22","226027",2
"2016-09-23","262396",2
"2016-09-24","331880",1
"2016-09-25","157883",2
"2016-09-26","175561",2
"2016-09-27","244564",2
"2016-09-28","220587",2
"2016-09-29","207477",2
"2016-09-30","237306",2
"2016-10-01","301877",1
"2016-10-02","147462",2
"2016-10-03","183582",2
"2016-10-04","188172",2
"2016-10-05","172789",2
"2016-10-06","225660",2
"2016-10-07","260212",2
"2016-10-08","297834",1
"2016-10-09","149910",2
"2016-10-10","183398",2
"2016-10-11","188585",2
"2016-10-12","196956",2
"2016-10-13","192670",2
"2016-10-14","244630",2
"2016-10-15","322846",1
"2016-10-16","144702",2
"2016-10-17","187527",2
"2016-10-18","192674",2
"2016-10-19","199724",2
"2016-10-20","225798",2
"2016-10-21","249052",2
"2016-10-22","316284",1
"2016-10-23","164199",2
"2016-10-24","220184",2
"2016-10-25","228720",2
"2016-10-26","229315",2
"2016-10-27","245669",2
"2016-10-28","276581",2
"2016-10-29","311170",1
"2016-10-30","165652",2
"2016-10-31","212485",2
"2016-11-01","187259",2
"2016-11-02","186974",2
"2016-11-03","187600",2
"2016-11-04","214802",2
"2016-11-05","259486",2
"2016-11-06","126637",2
"2016-11-07","161353",2
"2016-11-08","169034",2
"2016-11-09","152355",2
"2016-11-10","190079",2
"2016-11-11","205308",2
"2016-11-12","285886",2
"2016-11-13","147812",2
"2016-11-14","164455",2
"2016-11-15","162317",2
"2016-11-16","166859",2
"2016-11-17","171901",2
"2016-11-18","177067",2
"2016-11-19","277772",2
"2016-11-20","142088",2
"2016-11-21","134341",2
"2016-11-22","170477",2
"2016-11-23","190743",2
"2016-11-24","208352",2
"2016-11-25","316212",1
"2016-11-26","323983",1
"2016-11-27","175345",2
"2016-11-28","193957",2
"2016-11-29","182625",2
"2016-11-30","204020",2
"2016-12-01","229180",2
"2016-12-02","271103",2
"2016-12-03","381679",1
"2016-12-04","208049",2
"2016-12-05","207480",2
"2016-12-06","212911",2
"2016-12-07","238971",2
"2016-12-08","238744",2
"2016-12-09","259782",2
"2016-12-10","351449",1
"2016-12-11","197993",2
"2016-12-12","228561",2
"2016-12-13","203944",2
"2016-12-14","219046",2
"2016-12-15","252211",2
"2016-12-16","278255",2
"2016-12-17","310838",1
"2016-12-18","203032",2
"2016-12-19","284520",2
"2016-12-20","229908",2
"2016-12-21","268525",2
"2016-12-22","274931",2
"2016-12-23","270771",2
"2016-12-24","194919",2
"2016-12-25","7121",1
"2016-12-26","221507",2
"2016-12-27","211158",2
"2016-12-28","231373",2
"2016-12-29","229155",2
"2016-12-30","231938",2
"2016-12-31","197449",2
"2017-01-01","47022",1
"2017-01-02","138932",2
"2017-01-03","159760",2
"2017-01-04","147381",2
"2017-01-05","163402",2
"2017-01-06","151482",2
"2017-01-07","214285",2
"2017-01-08","111030",2
"2017-01-09","139167",2
"2017-01-10","152539",2
"2017-01-11","151174",2
"2017-01-12","146564",2
"2017-01-13","151636",2
"2017-01-14","206939",2
"2017-01-15","97116",2
"2017-01-16","133087",2
"2017-01-17","152408",2
"2017-01-18","158679",2
"2017-01-19","170783",2
"2017-01-20","179761",2
"2017-01-21","221578",2
"2017-01-22","99799",2
"2017-01-23","151174",2
"2017-01-24","153062",2
"2017-01-25","156129",2
"2017-01-26","149783",2
"2017-01-27","168776",2
"2017-01-28","220288",2
"2017-01-29","117988",2
"2017-01-30","162860",2
"2017-01-31","144866",2
"2017-02-01","165464",2
"2017-02-02","179300",2
"2017-02-03","190732",2
"2017-02-04","242955",2
"2017-02-05","130980",2
"2017-02-06","155827",2
"2017-02-07","146850",2
"2017-02-08","156724",2
"2017-02-09","166640",2
"2017-02-10","170174",2
"2017-02-11","201632",2
"2017-02-12","88010",2
"2017-02-13","186586",2
"2017-02-14","183144",2
"2017-02-15","166366",2
"2017-02-16","182654",2
"2017-02-17","196075",2
"2017-02-18","230899",2
"2017-02-19","127778",2
"2017-02-20","173902",2
"2017-02-21","160588",2
"2017-02-22","170437",2
"2017-02-23","153397",2
"2017-02-24","206899",2
"2017-02-25","227337",2
"2017-02-26","119165",2
"2017-02-27","154351",2
"2017-02-28","151483",2
"2017-03-01","162179",2
"2017-03-02","183602",2
"2017-03-03","154373",2
"2017-03-04","251908",2
"2017-03-05","109016",2
"2017-03-06","173000",2
"2017-03-07","162058",2
"2017-03-08","162962",2
"2017-03-09","190839",2
"2017-03-10","187387",2
"2017-03-11","246980",2
"2017-03-12","129966",2
"2017-03-13","164802",2
"2017-03-14","164947",2
"2017-03-15","180142",2
"2017-03-16","176704",2
"2017-03-17","175446",2
"2017-03-18","241701",2
"2017-03-19","118595",2
"2017-03-20","155198",2
"2017-03-21","151308",2
"2017-03-22","146877",2
"2017-03-23","196959",2
"2017-03-24","203480",2
"2017-03-25","240772",2
"2017-03-26","122305",2
"2017-03-27","161191",2
"2017-03-28","152251",2
"2017-03-29","149998",2
"2017-03-30","181700",2
"2017-03-31","202358",2
"2017-04-01","240725",2
"2017-04-02","125394",2
"2017-04-03","180125",2
"2017-04-04","159080",2
"2017-04-05","169694",2
"2017-04-06","185789",2
"2017-04-07","184674",2
"2017-04-08","225095",2
"2017-04-09","115092",2
"2017-04-10","179629",2
"2017-04-11","158730",2
"2017-04-12","165398",2
"2017-04-13","205781",2
"2017-04-14","175339",2
"2017-04-15","199299",2
"2017-04-16","56885",2
"2017-04-17","147221",2
"2017-04-18","166889",2
"2017-04-19","162360",2
"2017-04-20","183161",2
"2017-04-21","169163",2
"2017-04-22","222571",2
"2017-04-23","113221",2
"2017-04-24","157791",2
"2017-04-25","142724",2
"2017-04-26","160601",2
"2017-04-27","172482",2
"2017-04-28","197876",2
"2017-04-29","259127",2
"2017-04-30","146966",2
"2017-05-01","153256",2
"2017-05-02","161888",2
"2017-05-03","161739",2
"2017-05-04","172910",2
"2017-05-05","180367",2
"2017-05-06","222392",2
"2017-05-07","117540",2
"2017-05-08","161977",2
"2017-05-09","154734",2
"2017-05-10","161223",2
"2017-05-11","187344",2
"2017-05-12","170134",2
"2017-05-13","225096",2
"2017-05-14","133017",2
"2017-05-15","150236",2
"2017-05-16","152399",2
"2017-05-17","148598",2
"2017-05-18","179948",2
"2017-05-19","175128",2
"2017-05-20","205019",2
"2017-05-21","124792",2
"2017-05-22","172815",2
"2017-05-23","165605",2
"2017-05-24","178104",2
"2017-05-25","187587",2
"2017-05-26","198163",2
"2017-05-27","229717",2
"2017-05-28","156019",2
"2017-05-29","134542",2
"2017-05-30","186364",2
"2017-05-31","194795",2
"2017-07-01",NA,0
"2017-07-02","146368",2
"2017-07-03","191987",2
"2017-07-04","182102",2
"2017-07-05","192370",2
"2017-07-06","195980",2
"2017-07-07","206006",2
"2017-07-08","243387",2
"2017-07-09","146302",2
"2017-07-10","172023",2
"2017-07-11","164328",2
"2017-07-12","197707",2
"2017-07-13","194407",2
"2017-07-14","208143",2
"2017-07-15","241919",2
"2017-07-16","133925",2
"2017-07-17","189857",2
"2017-07-18","191707",2
"2017-07-19","181629",2
"2017-07-20","183504",2
"2017-07-21","201909",2
"2017-07-22","225918",2
"2017-07-23","128931",2
"2017-07-24","190855",2
"2017-07-25","199780",2
"2017-07-26","189673",2
"2017-07-27","202276",2
"2017-07-28","215317",2
"2017-07-29","246176",2
"2017-07-30","138888",2
"2017-08-01","201181",2
"2017-08-02","196859",2
"2017-08-03","204950",2
"2017-08-04","215217",2
"2017-08-05","238298",2
"2017-08-06","156293",2
"2017-08-07","188403",2
"2017-08-08","159692",2
"2017-08-09","192890",2
"2017-08-10","204387",2
"2017-08-11","197825",2
"2017-08-12","224263",2
"2017-08-13","126324",2
"2017-08-14","178462",2
"2017-08-15","193265",2
"2017-08-16","190622",2
"2017-08-17","190091",2
"2017-08-18","197365",2
"2017-08-19","218400",2
"2017-08-20","130370",2
"2017-08-21","184822",2
"2017-08-22","188619",2
"2017-08-23","182499",2
"2017-08-24","202474",2
"2017-08-25","222524",2
"2017-08-26","229164",2
"2017-08-27","138788",2
"2017-08-28","136723",2
"2017-08-29","189784",2
"2017-08-30","197596",2
"2017-08-31","199545",2
"2017-09-01","194285",2
"2017-09-02","226426",2
"2017-09-03","124695",2
"2017-09-04","182091",2
"2017-09-05","175295",2
"2017-09-06","181844",2
"2017-09-07","177713",2
"2017-09-08","188075",2
"2017-09-09","221648",2
"2017-09-10","126074",2
"2017-09-11","166939",2
"2017-09-12","181691",2
"2017-09-13","184021",2
"2017-09-14","190684",2
"2017-09-15","207322",2
"2017-09-16","245242",2
"2017-09-17","141672",2
"2017-09-18","186253",2
"2017-09-19","186536",2
"2017-09-20","206597",2
"2017-09-21","202458",2
"2017-09-22","223588",2
"2017-09-23","264026",2
"2017-09-24","160799",2
"2017-09-25","180919",2
"2017-09-26","230768",2
"2017-09-27","194426",2
"2017-09-28","206683",2
"2017-09-29","219326",2
"2017-09-30","261319",2
"2017-10-01","144627",2
"2017-10-02","174349",2
"2017-10-03","171947",2
"2017-10-04","157553",2
"2017-10-05","216677",2
"2017-10-06","259402",2
"2017-10-07","234762",2
"2017-10-08","137534",2
"2017-10-09","174644",2
"2017-10-10","182471",2
"2017-10-11","170795",2
"2017-10-12","185030",2
"2017-10-13","206759",2
"2017-10-14","260123",2
"2017-10-15","138390",2
"2017-10-16","170842",2
"2017-10-17","173829",2
"2017-10-18","179952",2
"2017-10-19","161069",2
"2017-10-20","207790",2
"2017-10-21","226439",2
"2017-10-22","133068",2
"2017-10-23","190610",2
"2017-10-24","192109",2
"2017-10-25","207643",2
"2017-10-26","208198",2
"2017-10-27","243852",2
"2017-10-28","242872",2
"2017-10-29","141702",2
"2017-11-01","191193",2
"2017-11-02","196549",2
"2017-11-03","213076",2
"2017-11-04","238660",2
"2017-11-05","142210",2
"2017-11-06","174742",2
"2017-11-07","165369",2
"2017-11-08","181579",2
"2017-11-09","193510",2
"2017-11-10","196063",2
"2017-11-11","258718",2
"2017-11-12","135169",2
"2017-11-13","165445",2
"2017-11-14","170681",2
"2017-11-15","178307",2
"2017-11-16","192406",2
"2017-11-17","212067",2
"2017-11-18","252035",2
"2017-11-19","155169",2
"2017-11-20","162817",2
"2017-11-21","179430",2
"2017-11-22","179443",2
"2017-11-23","186672",2
"2017-11-24","248054",2
"2017-11-25","264690",2
"2017-11-26","152796",2
"2017-11-27","166010",2
"2017-11-28","174068",2
"2017-11-29","171991",2
"2017-11-30","179316",2
"2017-12-01","217292",2
"2017-12-02","273450",2
"2017-12-03","169756",2
"2017-12-04","197192",2
"2017-12-05","192804",2
"2017-12-06","194736",2
"2017-12-07","193060",2
"2017-12-08","213783",2
"2017-12-09","258475",2
"2017-12-10","145365",2
"2017-12-11","202076",2
"2017-12-12","185414",2
"2017-12-13","166105",2
"2017-12-14","191368",2
"2017-12-15","215149",2
"2017-12-16","259629",2
"2017-12-17","152650",2
"2017-12-18","216692",2
"2017-12-19","213471",2
"2017-12-20","226349",2
"2017-12-21","248154",2
"2017-12-22","274888",2
"2017-12-23","245368",2
"2017-12-24","146252",2
"2017-12-25","5864",1
"2017-12-26","174028",2
"2017-12-27","201570",2
"2017-12-28","215901",2
"2017-12-29","161408",2
"2017-12-30","260767",2
"2017-12-31","132607",2
"2018-01-01","56550",2
"2018-01-02","165133",2
"2018-01-03","133814",2
"2018-01-04","153713",2
"2018-01-05","165807",2
"2018-01-06","182392",2
"2018-01-07","101700",2
"2018-01-08","150505",2
"2018-01-09","144535",2
"2018-01-10","146007",2
"2018-01-11","162055",2
"2018-01-12","164025",2
"2018-01-13","208225",2
"2018-01-14","103326",2
"2018-01-15","153256",2
"2018-01-16","126786",2
"2018-01-17","142195",2
"2018-01-18","164213",2
"2018-01-19","162353",2
"2018-01-20","206993",2
"2018-01-21","86942",2
"2018-01-22","164090",2
"2018-01-23","168406",2
"2018-01-24","155638",2
"2018-01-25","170966",2
"2018-01-26","203040",2
"2018-01-27","234609",2
"2018-01-28","120307",2
"2018-01-29","167303",2
"2018-01-30","174165",2
"2018-01-31","160788",2
"2018-02-01","172301",2
"2018-02-02","199077",2
"2018-02-03","198147",2
"2018-02-04","116959",2
"2018-02-05","162212",2
"2018-02-06","139815",2
"2018-02-07","169153",2
"2018-02-08","161613",2
"2018-02-09","181322",2
"2018-02-10","206764",2
"2018-02-11","109586",2
"2018-02-12","181849",2
"2018-02-13","179899",2
"2018-02-14","178248",2
"2018-02-15","201829",2
"2018-02-16","206660",2
"2018-02-17","216806",2
"2018-02-18","119726",2
"2018-02-19","169885",2
"2018-02-20","171309",2
"2018-02-21","182966",2
"2018-02-22","181682",2
"2018-02-23","196227",2
"2018-02-24","236665",2
"2018-02-25","121023",2
"2018-02-26","162422",2
"2018-02-27","140281",2
"2018-02-28","120559",2
"2018-03-01","92920",2
"2018-03-02","134115",2
"2018-03-03","188162",2
"2018-03-04","92522",2
"2018-03-05","177179",2
"2018-03-06","177655",2
"2018-03-07","191149",2
"2018-03-08","164789",2
"2018-03-09","214243",2
"2018-03-10","242677",2
"2018-03-11","128618",2
"2018-03-12","145592",2
"2018-03-13","175241",2
"2018-03-14","184588",2
"2018-03-15","165472",2
"2018-03-16","168639",2
"2018-03-17","187832",2
"2018-03-18","85387",2
"2018-03-19","170499",2
"2018-03-20","168754",2
"2018-03-21","177539",2
"2018-03-22","188307",2
"2018-03-23","190232",2
"2018-03-24","236945",2
"2018-03-25","130480",2
"2018-03-26","182307",2
"2018-03-27","167469",2
"2018-03-28","187784",2
"2018-03-29","205177",2
"2018-03-30","199996",2
"2018-03-31","191942",2
"2018-04-01","69269",2
"2018-04-02","99182",2
"2018-04-03","184179",2
"2018-04-04","175953",2
"2018-04-05","203901",2
"2018-04-06","205505",2
"2018-04-07","215596",2
"2018-04-08","119905",2
"2018-04-09","189062",2
"2018-04-10","156489",2
